Student_ID,mid1,mid2,quiz,final_score,gender_F,gender_M,NationalITy_Egypt,NationalITy_Iran,NationalITy_Iraq,NationalITy_Jordan,NationalITy_KW,NationalITy_Lybia,NationalITy_Morocco,NationalITy_Palestine,NationalITy_SaudiArabia,NationalITy_Syria,NationalITy_Tunis,NationalITy_USA,NationalITy_lebanon,NationalITy_venzuela,StudentAbsenceDays_Above-7,StudentAbsenceDays_Under-7,Class_H,Class_L,Class_M
1,0.7857142857142857,0.8571428571428571,0.5,0.7272727272727273,False,True,False,False,False,False,True,False,False,False,False,False,False,False,False,False,False,True,False,False,True
2,0.3571428571428571,0.14285714285714285,0.21428571428571427,0.5454545454545455,False,True,False,False,False,False,True,False,False,False,False,False,False,False,False,False,False,True,False,False,True
3,0.7857142857142857,0.0,0.8571428571428571,0.393939393939394,False,True,False,False,False,False,True,False,False,False,False,False,False,False,False,False,True,False,False,True,False
4,0.5714285714285714,0.8571428571428571,0.8571428571428571,0.43434343434343436,False,True,False,False,False,False,True,False,False,False,False,False,False,False,False,False,True,False,False,True,False
5,0.2857142857142857,0.14285714285714285,0.42857142857142855,0.24242424242424243,False,True,False,False,False,False,True,False,False,False,False,False,False,False,False,False,True,False,False,False,True
6,0.8571428571428571,0.2857142857142857,0.42857142857142855,0.4040404040404041,True,False,False,False,False,False,True,False,False,False,False,False,False,False,False,False,True,False,False,False,True
7,0.5,1.0,0.21428571428571427,0.5353535353535354,False,True,False,False,False,False,True,False,False,False,False,False,False,False,False,False,True,False,False,True,False
8,0.5714285714285714,0.7142857142857142,0.7857142857142857,0.0,False,True,False,False,False,False,True,False,False,False,False,False,False,False,False,False,False,True,False,False,True
9,0.07142857142857142,0.6428571428571428,0.5714285714285714,0.8585858585858587,True,False,False,False,False,False,True,False,False,False,False,False,False,False,False,False,False,True,False,False,True
10,1.0,0.5714285714285714,0.14285714285714285,0.5454545454545455,True,False,False,False,False,False,True,False,False,False,False,False,False,False,False,False,False,True,False,False,True
11,0.21428571428571427,0.7857142857142857,0.5714285714285714,0.595959595959596,False,True,False,False,False,False,True,False,False,False,False,False,False,False,False,False,False,True,True,False,False
12,0.7142857142857142,0.5714285714285714,0.5714285714285714,0.7272727272727273,False,True,False,False,False,False,True,False,False,False,False,False,False,False,False,False,False,True,False,False,True
13,0.42857142857142855,0.3571428571428571,0.9285714285714285,0.12121212121212122,False,True,False,False,False,False,True,False,False,False,False,False,False,False,False,False,True,False,False,True,False
14,0.3571428571428571,0.0,0.7857142857142857,0.6666666666666667,False,True,False,False,False,False,False,False,False,False,False,False,False,False,True,False,True,False,False,True,False
15,0.3571428571428571,0.7857142857142857,0.6428571428571428,0.2828282828282829,True,False,False,False,False,False,True,False,False,False,False,False,False,False,False,False,True,False,True,False,False
16,0.21428571428571427,0.0,0.14285714285714285,0.19191919191919193,True,False,False,False,False,False,True,False,False,False,False,False,False,False,False,False,False,True,False,False,True
17,0.07142857142857142,0.6428571428571428,0.9285714285714285,0.787878787878788,False,True,False,False,False,False,True,False,False,False,False,False,False,False,False,False,True,False,False,False,True
18,0.5714285714285714,0.9285714285714285,0.3571428571428571,0.4747474747474748,False,True,False,False,False,False,True,False,False,False,False,False,False,False,False,False,True,False,False,False,True
19,0.7142857142857142,0.7142857142857142,0.8571428571428571,0.5454545454545455,True,False,False,False,False,False,True,False,False,False,False,False,False,False,False,False,False,True,False,False,True
20,0.0,0.5,0.42857142857142855,0.8383838383838385,False,True,False,False,False,False,True,False,False,False,False,False,False,False,False,False,False,True,True,False,False
21,0.7142857142857142,0.3571428571428571,1.0,0.6262626262626263,True,False,False,False,False,False,True,False,False,False,False,False,False,False,False,False,True,False,False,False,True
22,0.6428571428571428,0.9285714285714285,0.5714285714285714,0.08080808080808081,True,False,False,False,False,False,True,False,False,False,False,False,False,False,False,False,False,True,False,False,True
23,0.14285714285714285,0.7857142857142857,0.5,0.797979797979798,False,True,False,False,False,False,True,False,False,False,False,False,False,False,False,False,False,True,False,False,True
24,0.8571428571428571,1.0,0.3571428571428571,0.98989898989899,False,True,False,False,False,False,True,False,False,False,False,False,False,False,False,False,True,False,False,True,False
25,0.14285714285714285,0.3571428571428571,0.9285714285714285,0.6464646464646465,False,True,False,False,False,False,True,False,False,False,False,False,False,False,False,False,True,False,False,True,False
26,0.0,0.3571428571428571,0.21428571428571427,0.494949494949495,False,True,False,False,False,False,True,False,False,False,False,False,False,False,False,False,True,False,False,True,False
27,0.0,0.3571428571428571,0.0,0.9191919191919192,False,True,False,False,False,False,True,False,False,False,False,False,False,False,False,False,False,True,False,False,True
28,0.0,0.21428571428571427,0.9285714285714285,0.16161616161616163,False,True,False,False,False,False,True,False,False,False,False,False,False,False,False,False,True,False,False,True,False
29,0.3571428571428571,0.14285714285714285,0.2857142857142857,0.797979797979798,False,True,False,False,False,False,True,False,False,False,False,False,False,False,False,False,False,True,False,False,True
30,0.7142857142857142,0.6428571428571428,0.5,0.9191919191919192,True,False,False,False,False,False,True,False,False,False,False,False,False,False,False,False,False,True,False,False,True
31,0.3571428571428571,0.7142857142857142,0.9285714285714285,0.7777777777777778,True,False,False,False,False,False,True,False,False,False,False,False,False,False,False,False,False,True,True,False,False
32,0.6428571428571428,0.42857142857142855,0.5714285714285714,0.5252525252525253,False,True,False,False,False,False,True,False,False,False,False,False,False,False,False,False,True,False,False,True,False
33,0.0,0.14285714285714285,0.2857142857142857,0.888888888888889,True,False,False,False,False,False,True,False,False,False,False,False,False,False,False,False,True,False,False,True,False
34,0.14285714285714285,0.8571428571428571,0.5714285714285714,0.9696969696969697,False,True,False,False,False,False,True,False,False,False,False,False,False,False,False,False,True,False,False,True,False
35,0.9285714285714285,0.7142857142857142,0.2857142857142857,0.8585858585858587,False,True,False,False,False,False,True,False,False,False,False,False,False,False,False,False,True,False,False,True,False
36,0.21428571428571427,0.2857142857142857,0.5,0.7575757575757577,False,True,False,False,False,False,True,False,False,False,False,False,False,False,False,False,True,False,False,True,False
37,0.21428571428571427,0.0,0.14285714285714285,0.9797979797979799,False,True,False,False,False,False,True,False,False,False,False,False,False,False,False,False,True,False,False,True,False
38,0.9285714285714285,0.21428571428571427,0.9285714285714285,1.0,True,False,True,False,False,False,False,False,False,False,False,False,False,False,False,False,False,True,False,False,True
39,0.9285714285714285,0.5714285714285714,0.42857142857142855,0.8787878787878789,False,True,False,False,False,False,True,False,False,False,False,False,False,False,False,False,True,False,False,True,False
40,1.0,0.7142857142857142,0.14285714285714285,0.43434343434343436,True,False,False,False,False,False,False,False,False,False,True,False,False,False,False,False,False,True,False,False,True
41,0.0,0.6428571428571428,0.9285714285714285,0.43434343434343436,True,False,False,False,False,False,True,False,False,False,False,False,False,False,False,False,True,False,False,True,False
42,0.6428571428571428,0.0,1.0,0.08080808080808081,False,True,False,False,False,False,True,False,False,False,False,False,False,False,False,False,False,True,False,False,True
43,0.07142857142857142,0.6428571428571428,0.8571428571428571,0.7474747474747475,False,True,False,False,False,False,True,False,False,False,False,False,False,False,False,False,True,False,False,True,False
44,0.0,0.7857142857142857,0.8571428571428571,0.5858585858585859,True,False,False,False,False,False,True,False,False,False,False,False,False,False,False,False,False,True,False,False,True
45,0.2857142857142857,0.0,1.0,0.33333333333333337,True,False,False,False,False,False,True,False,False,False,False,False,False,False,False,False,False,True,False,False,True
46,0.42857142857142855,0.2857142857142857,0.5714285714285714,0.686868686868687,False,True,False,False,False,False,True,False,False,False,False,False,False,False,False,False,True,False,False,True,False
47,0.14285714285714285,0.5,0.5714285714285714,0.42424242424242425,False,True,False,False,False,False,True,False,False,False,False,False,False,False,False,False,True,False,False,True,False
48,0.2857142857142857,1.0,0.5,0.8989898989898991,True,False,False,False,False,False,True,False,False,False,False,False,False,False,False,False,False,True,True,False,False
49,0.8571428571428571,0.8571428571428571,0.7142857142857142,0.9696969696969697,True,False,False,False,False,False,True,False,False,False,False,False,False,False,False,False,False,True,True,False,False
50,0.8571428571428571,0.8571428571428571,1.0,0.3535353535353536,True,False,False,False,False,False,True,False,False,False,False,False,False,False,False,False,False,True,False,False,True
51,0.2857142857142857,0.7142857142857142,0.8571428571428571,0.4040404040404041,True,False,False,False,False,False,True,False,False,False,False,False,False,False,False,False,True,False,False,True,False
52,0.7142857142857142,0.5714285714285714,0.5,0.030303030303030304,False,True,False,False,False,False,True,False,False,False,False,False,False,False,False,False,True,False,False,True,False
53,0.5,0.5714285714285714,0.2857142857142857,0.24242424242424243,True,False,False,False,False,False,True,False,False,False,False,False,False,False,False,False,False,True,False,False,True
54,0.2857142857142857,0.9285714285714285,0.7142857142857142,0.18181818181818182,True,False,False,False,False,False,True,False,False,False,False,False,False,False,False,False,False,True,True,False,False
55,0.42857142857142855,0.3571428571428571,0.2857142857142857,0.22222222222222224,False,True,False,False,False,False,True,False,False,False,False,False,False,False,False,False,True,False,False,True,False
56,0.2857142857142857,0.0,0.6428571428571428,0.98989898989899,False,True,False,False,False,False,True,False,False,False,False,False,False,False,False,False,True,False,False,True,False
57,0.9285714285714285,0.21428571428571427,0.42857142857142855,0.4040404040404041,False,True,False,False,False,False,False,False,False,False,False,False,False,True,False,False,True,False,False,True,False
58,0.5,0.8571428571428571,0.6428571428571428,0.05050505050505051,False,True,False,False,False,False,True,False,False,False,False,False,False,False,False,False,True,False,False,True,False
59,0.3571428571428571,0.7857142857142857,0.3571428571428571,0.06060606060606061,False,True,False,False,False,False,True,False,False,False,False,False,False,False,False,False,False,True,False,False,True
60,0.7142857142857142,0.21428571428571427,0.7857142857142857,0.8686868686868687,True,False,False,False,False,False,False,False,False,False,False,False,False,True,False,False,False,True,False,False,True
61,0.9285714285714285,0.5,0.7142857142857142,0.5858585858585859,True,False,False,False,False,True,False,False,False,False,False,False,False,False,False,False,True,False,False,True,False
62,0.14285714285714285,0.8571428571428571,0.21428571428571427,0.797979797979798,False,True,False,False,False,False,True,False,False,False,False,False,False,False,False,False,False,True,False,False,True
63,0.6428571428571428,0.6428571428571428,0.07142857142857142,0.13131313131313133,False,True,False,False,False,False,False,False,False,False,False,False,False,False,False,True,False,True,True,False,False
64,0.14285714285714285,0.07142857142857142,0.7857142857142857,0.030303030303030304,False,True,False,False,False,False,True,False,False,False,False,False,False,False,False,False,False,True,False,False,True
65,0.6428571428571428,0.2857142857142857,0.0,0.686868686868687,False,True,False,False,False,False,True,False,False,False,False,False,False,False,False,False,True,False,False,True,False
66,0.2857142857142857,0.6428571428571428,0.14285714285714285,0.17171717171717174,False,True,False,False,False,False,True,False,False,False,False,False,False,False,False,False,True,False,False,True,False
67,0.0,0.5,0.6428571428571428,0.4040404040404041,True,False,False,False,False,False,True,False,False,False,False,False,False,False,False,False,True,False,False,False,True
68,0.5,0.5,0.7857142857142857,0.494949494949495,True,False,False,False,False,False,False,False,False,False,False,False,False,True,False,False,False,True,True,False,False
69,0.5,0.7857142857142857,0.2857142857142857,0.7575757575757577,True,False,False,False,False,False,False,False,False,False,False,False,False,True,False,False,False,True,True,False,False
70,0.5,0.3571428571428571,0.3571428571428571,0.06060606060606061,False,True,False,False,False,True,False,False,False,False,False,False,False,False,False,False,False,True,False,False,True
71,0.5,0.42857142857142855,0.3571428571428571,0.8484848484848485,False,True,False,False,False,True,False,False,False,False,False,False,False,False,False,False,True,False,False,True,False
72,0.7142857142857142,0.7142857142857142,0.5714285714285714,0.23232323232323235,False,True,False,False,False,False,True,False,False,False,False,False,False,False,False,False,False,True,False,False,True
73,0.42857142857142855,0.7857142857142857,0.7142857142857142,0.010101010101010102,False,True,False,False,False,False,True,False,False,False,False,False,False,False,False,False,False,True,False,True,False
74,0.0,0.5,0.07142857142857142,0.8686868686868687,True,False,False,False,False,False,True,False,False,False,False,False,False,False,False,False,True,False,False,False,True
75,0.2857142857142857,0.3571428571428571,0.21428571428571427,0.6161616161616162,False,True,False,False,False,False,True,False,False,False,False,False,False,False,False,False,False,True,False,True,False
76,0.14285714285714285,0.5,0.5,0.8585858585858587,False,True,False,False,False,True,False,False,False,False,False,False,False,False,False,False,False,True,False,False,True
77,0.7142857142857142,0.5714285714285714,0.0,0.16161616161616163,False,True,False,True,False,False,False,False,False,False,False,False,False,False,False,False,False,True,False,False,True
78,0.6428571428571428,0.7857142857142857,1.0,0.14141414141414144,False,True,False,False,False,False,True,False,False,False,False,False,False,False,False,False,False,True,False,False,True
79,0.42857142857142855,0.6428571428571428,0.07142857142857142,0.030303030303030304,False,True,False,False,False,False,True,False,False,False,False,False,False,False,False,False,True,False,False,True,False
80,0.5714285714285714,0.21428571428571427,0.07142857142857142,0.31313131313131315,True,False,False,False,False,False,False,False,False,False,False,False,False,False,True,False,False,True,True,False,False
81,0.7857142857142857,0.07142857142857142,0.9285714285714285,0.43434343434343436,False,True,False,False,False,False,True,False,False,False,False,False,False,False,False,False,False,True,False,True,False
82,0.7857142857142857,0.7142857142857142,1.0,0.27272727272727276,False,True,False,False,False,False,True,False,False,False,False,False,False,False,False,False,True,False,False,True,False
83,0.5714285714285714,0.21428571428571427,0.14285714285714285,0.11111111111111112,False,True,False,False,False,False,True,False,False,False,False,False,False,False,False,False,True,False,False,True,False
84,0.2857142857142857,1.0,0.07142857142857142,0.9797979797979799,False,True,False,False,False,False,True,False,False,False,False,False,False,False,False,False,True,False,False,False,True
85,0.7857142857142857,0.9285714285714285,0.0,0.787878787878788,False,True,False,False,False,False,True,False,False,False,False,False,False,False,False,False,True,False,True,False,False
86,0.0,0.07142857142857142,0.14285714285714285,0.6666666666666667,False,True,False,False,False,False,True,False,False,False,False,False,False,False,False,False,True,False,False,True,False
87,0.6428571428571428,0.3571428571428571,0.3571428571428571,0.19191919191919193,False,True,False,False,False,False,False,False,False,False,True,False,False,False,False,False,False,True,True,False,False
88,0.5714285714285714,0.0,0.0,0.06060606060606061,False,True,False,False,False,False,True,False,False,False,False,False,False,False,False,False,False,True,False,True,False
89,1.0,1.0,0.7857142857142857,0.14141414141414144,True,False,False,False,False,False,True,False,False,False,False,False,False,False,False,False,False,True,False,True,False
90,0.14285714285714285,0.2857142857142857,0.14285714285714285,0.26262626262626265,False,True,False,False,False,False,True,False,False,False,False,False,False,False,False,False,True,False,False,True,False
91,0.6428571428571428,0.14285714285714285,0.8571428571428571,0.4141414141414142,False,True,False,False,False,False,True,False,False,False,False,False,False,False,False,False,True,False,False,True,False
92,0.3571428571428571,0.14285714285714285,0.7142857142857142,0.8282828282828284,False,True,False,False,False,False,True,False,False,False,False,False,False,False,False,False,False,True,True,False,False
93,0.8571428571428571,0.2857142857142857,0.9285714285714285,0.6161616161616162,True,False,False,False,False,False,True,False,False,False,False,False,False,False,False,False,False,True,True,False,False
94,0.42857142857142855,0.14285714285714285,0.6428571428571428,0.9393939393939394,False,True,False,False,False,False,False,False,False,False,False,False,False,True,False,False,False,True,True,False,False
95,0.3571428571428571,0.5714285714285714,0.7142857142857142,0.9393939393939394,True,False,False,False,False,False,True,False,False,False,False,False,False,False,False,False,True,False,False,True,False
96,0.42857142857142855,0.9285714285714285,0.14285714285714285,0.9696969696969697,True,False,False,False,False,False,True,False,False,False,False,False,False,False,False,False,False,True,True,False,False
97,0.5,0.07142857142857142,0.2857142857142857,0.32323232323232326,True,False,False,False,False,False,True,False,False,False,False,False,False,False,False,False,False,True,True,False,False
98,0.21428571428571427,0.0,0.5,0.787878787878788,True,False,False,False,False,False,True,False,False,False,False,False,False,False,False,False,False,True,False,False,True
99,0.2857142857142857,0.7857142857142857,0.21428571428571427,0.8484848484848485,True,False,False,False,False,False,True,False,False,False,False,False,False,False,False,False,False,True,False,False,True
100,0.42857142857142855,0.8571428571428571,0.14285714285714285,0.27272727272727276,False,True,False,False,False,False,True,False,False,False,False,False,False,False,False,False,True,False,False,False,True
101,0.5714285714285714,0.2857142857142857,0.42857142857142855,0.5555555555555556,False,True,False,False,False,False,True,False,False,False,False,False,False,False,False,False,False,True,False,False,True
102,0.21428571428571427,0.2857142857142857,0.14285714285714285,0.48484848484848486,True,False,False,False,False,False,True,False,False,False,False,False,False,False,False,False,False,True,True,False,False
103,0.9285714285714285,0.5,0.5714285714285714,0.8686868686868687,True,False,False,False,False,False,True,False,False,False,False,False,False,False,False,False,True,False,False,True,False
104,0.7142857142857142,0.21428571428571427,1.0,0.20202020202020204,False,True,False,False,False,False,True,False,False,False,False,False,False,False,False,False,True,False,False,True,False
105,0.2857142857142857,1.0,0.7142857142857142,0.595959595959596,False,True,False,False,False,False,True,False,False,False,False,False,False,False,False,False,True,False,False,False,True
106,0.5714285714285714,0.14285714285714285,0.21428571428571427,0.5252525252525253,True,False,False,False,False,False,True,False,False,False,False,False,False,False,False,False,True,False,False,True,False
107,0.21428571428571427,0.2857142857142857,0.9285714285714285,0.7575757575757577,True,False,False,False,False,False,True,False,False,False,False,False,False,False,False,False,False,True,False,False,True
108,0.7142857142857142,1.0,0.21428571428571427,0.5757575757575758,False,True,False,False,False,False,True,False,False,False,False,False,False,False,False,False,False,True,True,False,False
109,0.07142857142857142,0.6428571428571428,0.9285714285714285,1.0,False,True,False,False,False,False,False,False,False,False,True,False,False,False,False,False,True,False,False,False,True
110,0.14285714285714285,0.2857142857142857,0.9285714285714285,0.36363636363636365,False,True,False,False,False,False,True,False,False,False,False,False,False,False,False,False,False,True,False,False,True
111,0.7142857142857142,0.7857142857142857,0.9285714285714285,0.7272727272727273,True,False,False,False,False,True,False,False,False,False,False,False,False,False,False,False,False,True,True,False,False
112,0.2857142857142857,0.7857142857142857,0.3571428571428571,0.7171717171717172,False,True,False,False,False,False,True,False,False,False,False,False,False,False,False,False,False,True,False,False,True
113,0.14285714285714285,0.07142857142857142,0.3571428571428571,0.9696969696969697,False,True,False,False,False,False,True,False,False,False,False,False,False,False,False,False,True,False,False,True,False
114,0.3571428571428571,0.9285714285714285,0.21428571428571427,0.37373737373737376,False,True,False,False,False,False,True,False,False,False,False,False,False,False,False,False,True,False,False,True,False
115,0.7857142857142857,0.9285714285714285,0.3571428571428571,0.4747474747474748,False,True,False,False,False,False,True,False,False,False,False,False,False,False,False,False,True,False,False,True,False
116,0.7857142857142857,0.5714285714285714,0.42857142857142855,0.22222222222222224,False,True,False,False,False,False,True,False,False,False,False,False,False,False,False,False,True,False,False,True,False
117,1.0,0.7857142857142857,0.2857142857142857,0.4040404040404041,True,False,False,False,False,False,True,False,False,False,False,False,False,False,False,False,True,False,False,False,True
118,0.6428571428571428,0.0,0.7142857142857142,0.04040404040404041,True,False,False,False,False,False,True,False,False,False,False,False,False,False,False,False,False,True,True,False,False
119,0.42857142857142855,0.21428571428571427,0.07142857142857142,0.33333333333333337,True,False,False,False,False,False,True,False,False,False,False,False,False,False,False,False,True,False,False,False,True
120,0.07142857142857142,0.07142857142857142,1.0,0.4444444444444445,False,True,False,False,False,False,True,False,False,False,False,False,False,False,False,False,False,True,False,False,True
121,0.5,0.7142857142857142,0.07142857142857142,0.8989898989898991,False,True,False,False,False,False,True,False,False,False,False,False,False,False,False,False,False,True,False,False,True
122,1.0,0.6428571428571428,1.0,0.5555555555555556,False,True,False,False,False,False,True,False,False,False,False,False,False,False,False,False,True,False,False,True,False
123,0.6428571428571428,0.14285714285714285,0.8571428571428571,0.25252525252525254,True,False,False,False,False,False,True,False,False,False,False,False,False,False,False,False,True,False,False,False,True
124,0.7857142857142857,0.8571428571428571,0.07142857142857142,0.29292929292929293,True,False,False,False,False,False,False,False,False,False,False,False,False,False,True,False,False,True,False,False,True
125,0.8571428571428571,0.3571428571428571,0.07142857142857142,0.030303030303030304,False,True,False,False,False,False,True,False,False,False,False,False,False,False,False,False,False,True,False,True,False
126,0.21428571428571427,0.5714285714285714,0.3571428571428571,0.4040404040404041,False,True,False,False,False,False,True,False,False,False,False,False,False,False,False,False,True,False,False,True,False
127,1.0,0.7142857142857142,0.42857142857142855,0.5454545454545455,True,False,False,True,False,False,False,False,False,False,False,False,False,False,False,False,False,True,False,False,True
128,0.14285714285714285,0.5,0.5,0.8989898989898991,False,True,False,False,False,False,True,False,False,False,False,False,False,False,False,False,True,False,False,True,False
129,0.5,0.5,0.7142857142857142,0.5454545454545455,False,True,False,False,False,False,True,False,False,False,False,False,False,False,False,False,False,True,False,True,False
130,0.07142857142857142,0.0,0.6428571428571428,0.4545454545454546,False,True,False,False,False,False,True,False,False,False,False,False,False,False,False,False,False,True,False,True,False
131,0.3571428571428571,0.5714285714285714,0.0,0.43434343434343436,True,False,False,False,False,False,True,False,False,False,False,False,False,False,False,False,True,False,False,True,False
132,1.0,0.6428571428571428,0.21428571428571427,0.797979797979798,False,True,False,False,False,True,False,False,False,False,False,False,False,False,False,False,False,True,False,False,True
133,0.7142857142857142,0.14285714285714285,0.2857142857142857,0.22222222222222224,False,True,False,False,False,False,True,False,False,False,False,False,False,False,False,False,True,False,False,True,False
134,0.14285714285714285,0.5714285714285714,0.42857142857142855,0.8383838383838385,False,True,False,False,False,False,True,False,False,False,False,False,False,False,False,False,True,False,False,True,False
135,0.5,0.5714285714285714,0.6428571428571428,0.888888888888889,False,True,False,False,False,False,True,False,False,False,False,False,False,False,False,False,False,True,True,False,False
136,0.21428571428571427,0.07142857142857142,0.5714285714285714,0.48484848484848486,True,False,True,False,False,False,False,False,False,False,False,False,False,False,False,False,False,True,True,False,False
137,0.14285714285714285,0.07142857142857142,0.0,0.6767676767676768,True,False,False,False,False,False,True,False,False,False,False,False,False,False,False,False,False,True,True,False,False
138,0.5714285714285714,0.6428571428571428,0.9285714285714285,0.888888888888889,True,False,False,False,False,False,True,False,False,False,False,False,False,False,False,False,False,True,False,False,True
139,0.7857142857142857,0.3571428571428571,0.3571428571428571,0.3434343434343435,True,False,False,False,False,True,False,False,False,False,False,False,False,False,False,False,False,True,True,False,False
140,0.6428571428571428,0.3571428571428571,0.7142857142857142,0.48484848484848486,False,True,False,False,False,True,False,False,False,False,False,False,False,False,False,False,False,True,False,False,True
141,0.21428571428571427,0.0,0.5714285714285714,0.5252525252525253,False,True,False,False,False,False,False,False,False,False,False,False,True,False,False,False,True,False,False,True,False
142,0.9285714285714285,0.07142857142857142,0.3571428571428571,0.5353535353535354,False,True,False,False,False,False,False,False,False,False,False,False,True,False,False,False,True,False,False,True,False
143,0.6428571428571428,0.21428571428571427,0.6428571428571428,0.6565656565656566,False,True,False,False,False,False,False,False,False,False,False,False,True,False,False,False,False,True,False,False,True
144,0.8571428571428571,0.2857142857142857,0.6428571428571428,0.15151515151515152,False,True,False,False,False,False,True,False,False,False,False,False,False,False,False,False,False,True,True,False,False
145,0.7142857142857142,0.7142857142857142,0.3571428571428571,0.6565656565656566,False,True,False,False,False,False,True,False,False,False,False,False,False,False,False,False,True,False,False,True,False
146,0.7142857142857142,1.0,0.8571428571428571,0.9292929292929294,False,True,False,False,False,False,False,False,False,False,False,False,True,False,False,False,False,True,False,False,True
147,0.2857142857142857,0.0,0.07142857142857142,0.32323232323232326,True,False,False,False,False,False,False,False,False,False,False,False,False,False,True,False,False,True,True,False,False
148,0.3571428571428571,0.6428571428571428,0.8571428571428571,0.4646464646464647,True,False,False,False,False,False,False,False,False,False,False,False,False,False,True,False,False,True,False,False,True
149,0.21428571428571427,0.9285714285714285,0.6428571428571428,0.8686868686868687,True,False,False,False,False,True,False,False,False,False,False,False,False,False,False,False,False,True,False,False,True
150,0.21428571428571427,0.3571428571428571,0.3571428571428571,0.6060606060606061,True,False,False,False,False,True,False,False,False,False,False,False,False,False,False,False,False,True,True,False,False
151,0.3571428571428571,0.0,0.0,0.25252525252525254,False,True,False,False,False,False,False,False,False,False,True,False,False,False,False,False,False,True,True,False,False
152,0.5,0.14285714285714285,0.42857142857142855,0.36363636363636365,False,True,False,False,False,False,False,False,False,False,True,False,False,False,False,False,False,True,False,False,True
153,0.7857142857142857,1.0,0.2857142857142857,0.48484848484848486,True,False,False,False,False,False,False,False,False,False,True,False,False,False,False,False,False,True,True,False,False
154,0.0,0.6428571428571428,0.21428571428571427,0.36363636363636365,False,True,False,False,False,False,False,False,False,False,True,False,False,False,False,False,True,False,False,True,False
155,0.3571428571428571,0.7142857142857142,0.8571428571428571,0.10101010101010102,False,True,False,False,False,False,False,False,False,False,True,False,False,False,False,False,True,False,False,False,True
156,0.7857142857142857,0.14285714285714285,0.5,0.30303030303030304,False,True,False,False,False,False,False,False,False,False,True,False,False,False,False,False,False,True,True,False,False
157,0.8571428571428571,0.07142857142857142,0.14285714285714285,0.21212121212121213,True,False,False,False,False,False,False,False,False,False,False,False,True,False,False,False,False,True,False,False,True
158,0.42857142857142855,0.07142857142857142,0.07142857142857142,0.9797979797979799,False,True,False,False,False,False,False,False,False,False,False,False,True,False,False,False,False,True,False,False,True
159,0.6428571428571428,0.9285714285714285,0.0,0.8989898989898991,False,True,False,False,False,False,False,False,False,False,False,False,True,False,False,False,True,False,False,True,False
160,0.21428571428571427,0.7142857142857142,0.0,0.9696969696969697,True,False,False,False,False,False,True,False,False,False,False,False,False,False,False,False,False,True,False,False,True
161,0.07142857142857142,0.7142857142857142,0.9285714285714285,0.787878787878788,True,False,False,False,False,True,False,False,False,False,False,False,False,False,False,False,False,True,True,False,False
162,0.42857142857142855,0.7857142857142857,0.07142857142857142,0.888888888888889,False,True,False,False,False,True,False,False,False,False,False,False,False,False,False,False,False,True,False,False,True
163,0.7142857142857142,0.9285714285714285,0.9285714285714285,0.08080808080808081,True,False,False,False,False,True,False,False,False,False,False,False,False,False,False,False,False,True,True,False,False
164,0.8571428571428571,0.07142857142857142,0.0,0.4747474747474748,True,False,False,False,False,True,False,False,False,False,False,False,False,False,False,False,True,False,False,False,True
165,0.42857142857142855,0.21428571428571427,0.8571428571428571,0.20202020202020204,False,True,False,False,False,True,False,False,False,False,False,False,False,False,False,False,True,False,False,False,True
166,0.5714285714285714,0.8571428571428571,0.5,0.30303030303030304,True,False,False,False,False,False,False,False,True,False,False,False,False,False,False,False,False,True,True,False,False
167,0.5714285714285714,0.42857142857142855,0.8571428571428571,0.010101010101010102,False,True,False,False,False,False,True,False,False,False,False,False,False,False,False,False,False,True,False,False,True
168,0.9285714285714285,0.7142857142857142,0.7142857142857142,0.10101010101010102,False,True,False,False,False,False,False,False,False,False,False,False,True,False,False,False,False,True,True,False,False
169,0.3571428571428571,0.9285714285714285,0.5714285714285714,0.0,False,True,False,False,False,False,True,False,False,False,False,False,False,False,False,False,False,True,True,False,False
170,0.9285714285714285,0.0,0.42857142857142855,0.12121212121212122,False,True,False,False,False,False,True,False,False,False,False,False,False,False,False,False,False,True,False,False,True
171,0.7142857142857142,0.8571428571428571,0.21428571428571427,0.22222222222222224,False,True,False,False,False,False,True,False,False,False,False,False,False,False,False,False,False,True,True,False,False
172,0.8571428571428571,0.6428571428571428,0.14285714285714285,0.8484848484848485,False,True,False,False,False,False,True,False,False,False,False,False,False,False,False,False,False,True,False,False,True
173,0.9285714285714285,1.0,1.0,0.16161616161616163,False,True,False,True,False,False,False,False,False,False,False,False,False,False,False,False,True,False,False,True,False
174,0.2857142857142857,0.2857142857142857,0.8571428571428571,0.4747474747474748,False,True,False,False,False,False,False,False,False,False,False,True,False,False,False,False,True,False,False,True,False
175,0.21428571428571427,0.8571428571428571,0.9285714285714285,0.4747474747474748,True,False,False,False,False,True,False,False,False,False,False,False,False,False,False,False,True,False,False,False,True
176,0.5714285714285714,1.0,0.8571428571428571,0.09090909090909091,False,True,False,True,False,False,False,False,False,False,False,False,False,False,False,False,True,False,False,True,False
177,0.07142857142857142,0.7142857142857142,0.21428571428571427,0.3535353535353536,False,True,False,False,False,False,False,False,False,False,False,False,True,False,False,False,False,True,True,False,False
178,0.5,0.21428571428571427,0.8571428571428571,0.6666666666666667,True,False,False,False,False,False,False,False,False,False,False,False,False,True,False,False,False,True,False,False,True
179,1.0,0.7142857142857142,1.0,0.11111111111111112,True,False,False,False,False,False,False,False,False,False,False,False,False,False,True,False,False,True,True,False,False
180,0.9285714285714285,0.9285714285714285,0.9285714285714285,0.25252525252525254,False,True,False,False,False,False,False,False,False,False,False,False,False,False,True,False,False,True,False,False,True
181,0.21428571428571427,0.7857142857142857,0.2857142857142857,0.787878787878788,True,False,False,False,False,False,False,False,False,False,True,False,False,False,False,False,False,True,True,False,False
182,0.5,0.6428571428571428,0.8571428571428571,0.30303030303030304,False,True,False,False,False,True,False,False,False,False,False,False,False,False,False,False,True,False,False,True,False
183,0.8571428571428571,0.07142857142857142,0.7142857142857142,0.6363636363636365,False,True,False,False,False,False,True,False,False,False,False,False,False,False,False,False,False,True,True,False,False
184,0.5714285714285714,0.0,0.21428571428571427,0.07070707070707072,True,False,False,False,False,False,False,False,False,False,False,False,False,False,True,False,False,True,False,False,True
185,0.5714285714285714,0.0,0.0,0.38383838383838387,False,True,False,False,False,False,False,False,False,False,False,False,False,False,True,False,True,False,False,True,False
186,0.07142857142857142,1.0,0.8571428571428571,0.6060606060606061,False,True,False,False,False,False,False,False,False,False,False,False,False,False,True,False,False,True,True,False,False
187,0.07142857142857142,0.5,0.0,0.16161616161616163,False,True,False,False,False,False,True,False,False,False,False,False,False,False,False,False,False,True,False,False,True
188,0.8571428571428571,1.0,0.9285714285714285,0.787878787878788,True,False,False,False,False,False,True,False,False,False,False,False,False,False,False,False,False,True,False,False,True
189,0.5714285714285714,0.07142857142857142,0.8571428571428571,0.25252525252525254,False,True,False,False,False,False,True,False,False,False,False,False,False,False,False,False,False,True,True,False,False
190,0.3571428571428571,0.0,0.21428571428571427,0.6767676767676768,True,False,False,False,False,False,True,False,False,False,False,False,False,False,False,False,False,True,False,False,True
191,0.8571428571428571,0.7142857142857142,0.0,0.6464646464646465,False,True,False,False,False,False,True,False,False,False,False,False,False,False,False,False,False,True,False,True,False
192,0.7142857142857142,0.2857142857142857,0.5,0.4141414141414142,False,True,False,False,False,False,True,False,False,False,False,False,False,False,False,False,True,False,False,True,False
193,0.21428571428571427,0.21428571428571427,0.42857142857142855,0.22222222222222224,False,True,False,False,False,False,True,False,False,False,False,False,False,False,False,False,False,True,False,False,True
194,0.7142857142857142,0.8571428571428571,0.21428571428571427,0.5050505050505051,False,True,False,False,False,False,False,False,True,False,False,False,False,False,False,False,False,True,False,False,True
195,0.7142857142857142,1.0,0.0,0.26262626262626265,False,True,False,False,False,False,False,False,True,False,False,False,False,False,False,False,False,True,False,False,True
196,0.5,0.0,0.8571428571428571,0.686868686868687,False,True,False,False,False,False,True,False,False,False,False,False,False,False,False,False,False,True,False,False,True
197,0.42857142857142855,0.21428571428571427,0.42857142857142855,0.6363636363636365,False,True,False,False,False,False,True,False,False,False,False,False,False,False,False,False,False,True,True,False,False
198,0.07142857142857142,0.07142857142857142,0.42857142857142855,0.7272727272727273,False,True,False,False,False,False,True,False,False,False,False,False,False,False,False,False,False,True,True,False,False
199,0.14285714285714285,0.07142857142857142,0.0,0.0,False,True,False,False,False,False,False,False,True,False,False,False,False,False,False,False,True,False,False,True,False
200,0.5714285714285714,0.5,0.2857142857142857,0.6161616161616162,False,True,False,False,False,False,True,False,False,False,False,False,False,False,False,False,False,True,False,False,True
201,0.07142857142857142,0.7857142857142857,0.7857142857142857,0.36363636363636365,False,True,False,False,False,False,True,False,False,False,False,False,False,False,False,False,False,True,True,False,False
202,1.0,0.42857142857142855,0.3571428571428571,0.26262626262626265,True,False,False,False,False,False,False,False,False,False,False,False,False,False,True,False,False,True,True,False,False
203,0.21428571428571427,0.2857142857142857,0.9285714285714285,0.6161616161616162,False,True,False,False,False,False,True,False,False,False,False,False,False,False,False,False,False,True,False,False,True
204,0.7142857142857142,0.5714285714285714,0.3571428571428571,0.5050505050505051,True,False,False,False,False,False,True,False,False,False,False,False,False,False,False,False,False,True,False,False,True
205,0.14285714285714285,0.3571428571428571,0.6428571428571428,0.4444444444444445,False,True,False,False,False,True,False,False,False,False,False,False,False,False,False,False,True,False,False,True,False
206,0.7857142857142857,0.14285714285714285,0.8571428571428571,0.33333333333333337,True,False,False,False,False,False,False,False,False,False,True,False,False,False,False,False,True,False,True,False,False
207,0.0,1.0,0.07142857142857142,0.16161616161616163,False,True,False,False,False,False,True,False,False,False,False,False,False,False,False,False,False,True,False,False,True
208,0.21428571428571427,0.6428571428571428,0.7857142857142857,0.6262626262626263,False,True,False,False,False,False,True,False,False,False,False,False,False,False,False,False,False,True,False,False,True
209,0.5,0.7857142857142857,0.7857142857142857,0.888888888888889,False,True,False,False,False,False,False,False,False,False,False,False,True,False,False,False,False,True,False,False,True
210,0.5714285714285714,0.8571428571428571,0.14285714285714285,0.8080808080808082,False,True,False,False,False,False,True,False,False,False,False,False,False,False,False,False,False,True,False,False,True
211,0.6428571428571428,0.07142857142857142,0.42857142857142855,0.5656565656565657,False,True,False,False,False,True,False,False,False,False,False,False,False,False,False,False,False,True,True,False,False
212,0.14285714285714285,0.21428571428571427,0.3571428571428571,0.8484848484848485,False,True,False,False,False,False,True,False,False,False,False,False,False,False,False,False,False,True,False,False,True
213,0.3571428571428571,0.6428571428571428,0.42857142857142855,0.7575757575757577,False,True,False,False,False,False,False,False,False,False,False,False,True,False,False,False,False,True,True,False,False
214,0.5714285714285714,0.2857142857142857,0.2857142857142857,0.6666666666666667,False,True,False,False,False,False,False,False,False,False,False,False,True,False,False,False,True,False,False,True,False
215,0.2857142857142857,0.7142857142857142,0.42857142857142855,0.5858585858585859,False,True,False,False,False,False,True,False,False,False,False,False,False,False,False,False,True,False,False,True,False
216,0.21428571428571427,0.07142857142857142,0.3571428571428571,0.7777777777777778,False,True,False,False,False,False,True,False,False,False,False,False,False,False,False,False,True,False,False,True,False
217,0.5,0.3571428571428571,0.8571428571428571,0.5555555555555556,False,True,False,True,False,False,False,False,False,False,False,False,False,False,False,False,True,False,False,False,True
218,0.07142857142857142,0.3571428571428571,0.7142857142857142,0.6161616161616162,True,False,False,False,False,True,False,False,False,False,False,False,False,False,False,False,False,True,False,False,True
219,0.14285714285714285,0.5714285714285714,0.07142857142857142,0.5353535353535354,False,True,False,False,False,False,True,False,False,False,False,False,False,False,False,False,False,True,True,False,False
220,0.7142857142857142,0.5,0.42857142857142855,0.98989898989899,False,True,False,False,False,False,True,False,False,False,False,False,False,False,False,False,False,True,False,False,True
221,0.5,0.7142857142857142,0.9285714285714285,0.393939393939394,False,True,False,False,False,False,False,False,False,False,False,False,False,False,True,False,False,True,False,False,True
222,1.0,0.5714285714285714,0.9285714285714285,0.7272727272727273,False,True,False,False,False,False,False,False,False,False,False,False,False,False,True,False,False,True,False,False,True
223,0.9285714285714285,0.21428571428571427,0.5,0.9696969696969697,False,True,False,False,False,False,True,False,False,False,False,False,False,False,False,False,False,True,False,False,True
224,0.8571428571428571,0.6428571428571428,0.3571428571428571,0.4141414141414142,False,True,False,False,False,False,True,False,False,False,False,False,False,False,False,False,False,True,True,False,False
225,0.07142857142857142,0.7857142857142857,0.21428571428571427,0.7474747474747475,False,True,False,False,False,False,True,False,False,False,False,False,False,False,False,False,False,True,True,False,False
226,1.0,0.9285714285714285,0.5714285714285714,0.5454545454545455,False,True,False,False,False,False,True,False,False,False,False,False,False,False,False,False,False,True,False,False,True
227,0.2857142857142857,1.0,0.07142857142857142,0.20202020202020204,False,True,False,False,False,False,True,False,False,False,False,False,False,False,False,False,False,True,False,True,False
228,0.9285714285714285,0.7142857142857142,0.21428571428571427,0.30303030303030304,False,True,False,False,False,False,True,False,False,False,False,False,False,False,False,False,False,True,False,True,False
229,0.3571428571428571,0.7857142857142857,1.0,0.686868686868687,False,True,False,False,False,False,True,False,False,False,False,False,False,False,False,False,True,False,True,False,False
230,0.07142857142857142,0.42857142857142855,0.07142857142857142,0.16161616161616163,False,True,False,False,False,False,True,False,False,False,False,False,False,False,False,False,True,False,False,True,False
231,0.42857142857142855,0.3571428571428571,0.07142857142857142,0.6666666666666667,False,True,False,True,False,False,False,False,False,False,False,False,False,False,False,False,True,False,False,False,True
232,0.07142857142857142,0.07142857142857142,0.42857142857142855,0.37373737373737376,False,True,False,False,False,False,False,False,False,False,False,True,False,False,False,False,True,False,False,True,False
233,0.0,0.9285714285714285,0.7142857142857142,0.5151515151515152,False,True,False,False,False,False,False,False,False,False,False,True,False,False,False,False,True,False,False,False,True
234,0.14285714285714285,0.5714285714285714,1.0,0.6767676767676768,True,False,False,False,False,True,False,False,False,False,False,False,False,False,False,False,True,False,False,False,True
235,0.5714285714285714,0.3571428571428571,0.8571428571428571,0.5555555555555556,False,True,False,False,False,False,True,False,False,False,False,False,False,False,False,False,True,False,False,False,True
236,0.3571428571428571,0.6428571428571428,0.3571428571428571,1.0,False,True,False,False,False,False,True,False,False,False,False,False,False,False,False,False,True,False,False,True,False
237,0.21428571428571427,0.7857142857142857,1.0,0.13131313131313133,False,True,False,False,False,True,False,False,False,False,False,False,False,False,False,False,True,False,False,True,False
238,0.42857142857142855,0.21428571428571427,0.42857142857142855,0.4444444444444445,False,True,False,False,False,False,True,False,False,False,False,False,False,False,False,False,True,False,False,False,True
239,0.42857142857142855,0.07142857142857142,0.8571428571428571,0.494949494949495,True,False,False,False,False,False,True,False,False,False,False,False,False,False,False,False,True,False,False,False,True
240,0.21428571428571427,0.0,0.8571428571428571,0.09090909090909091,False,True,True,False,False,False,False,False,False,False,False,False,False,False,False,False,False,True,True,False,False
241,0.0,0.2857142857142857,0.2857142857142857,0.9393939393939394,False,True,False,False,False,False,True,False,False,False,False,False,False,False,False,False,False,True,True,False,False
242,0.2857142857142857,0.6428571428571428,0.07142857142857142,0.6767676767676768,False,True,True,False,False,False,False,False,False,False,False,False,False,False,False,False,False,True,False,False,True
243,1.0,0.6428571428571428,0.0,0.38383838383838387,False,True,False,False,False,False,True,False,False,False,False,False,False,False,False,False,True,False,False,True,False
244,0.7142857142857142,0.42857142857142855,0.5714285714285714,0.6161616161616162,False,True,True,False,False,False,False,False,False,False,False,False,False,False,False,False,True,False,False,False,True
245,0.7857142857142857,0.7857142857142857,0.0,0.8484848484848485,False,True,False,False,False,False,True,False,False,False,False,False,False,False,False,False,False,True,True,False,False
246,0.2857142857142857,0.3571428571428571,0.5714285714285714,0.9595959595959597,True,False,False,False,False,False,True,False,False,False,False,False,False,False,False,False,False,True,False,False,True
247,0.7857142857142857,0.3571428571428571,0.8571428571428571,0.010101010101010102,True,False,False,False,False,False,True,False,False,False,False,False,False,False,False,False,False,True,True,False,False
248,0.0,0.14285714285714285,0.42857142857142855,0.4646464646464647,True,False,False,False,False,False,True,False,False,False,False,False,False,False,False,False,True,False,False,False,True
249,0.07142857142857142,0.0,0.0,0.9393939393939394,True,False,False,False,False,False,True,False,False,False,False,False,False,False,False,False,True,False,False,True,False
250,0.07142857142857142,0.7857142857142857,0.07142857142857142,0.29292929292929293,False,True,False,False,False,False,True,False,False,False,False,False,False,False,False,False,True,False,False,False,True
251,0.21428571428571427,0.42857142857142855,0.5,0.29292929292929293,False,True,False,False,False,False,True,False,False,False,False,False,False,False,False,False,False,True,True,False,False
252,0.42857142857142855,0.5714285714285714,0.7857142857142857,0.2828282828282829,False,True,True,False,False,False,False,False,False,False,False,False,False,False,False,False,True,False,False,True,False
253,0.8571428571428571,0.3571428571428571,0.14285714285714285,0.22222222222222224,True,False,False,False,False,False,True,False,False,False,False,False,False,False,False,False,False,True,False,False,True
254,0.0,0.9285714285714285,0.6428571428571428,0.7676767676767677,False,True,False,False,False,False,True,False,False,False,False,False,False,False,False,False,True,False,False,True,False
255,0.5714285714285714,0.7142857142857142,0.0,0.595959595959596,False,True,False,False,False,False,True,False,False,False,False,False,False,False,False,False,False,True,True,False,False
256,1.0,0.2857142857142857,0.0,0.686868686868687,False,True,False,False,False,False,True,False,False,False,False,False,False,False,False,False,False,True,True,False,False
257,0.14285714285714285,0.8571428571428571,0.0,0.7171717171717172,True,False,False,False,False,False,True,False,False,False,False,False,False,False,False,False,False,True,True,False,False
258,0.07142857142857142,0.07142857142857142,0.9285714285714285,0.05050505050505051,True,False,False,False,False,False,True,False,False,False,False,False,False,False,False,False,False,True,False,False,True
259,0.07142857142857142,0.07142857142857142,0.3571428571428571,0.18181818181818182,True,False,False,False,False,False,True,False,False,False,False,False,False,False,False,False,False,True,False,False,True
260,0.6428571428571428,0.07142857142857142,0.07142857142857142,0.48484848484848486,False,True,False,False,False,False,True,False,False,False,False,False,False,False,False,False,True,False,False,True,False
261,0.7142857142857142,0.5714285714285714,1.0,0.16161616161616163,False,True,False,False,False,False,True,False,False,False,False,False,False,False,False,False,True,False,False,True,False
262,0.42857142857142855,1.0,0.07142857142857142,0.4545454545454546,False,True,False,False,False,False,True,False,False,False,False,False,False,False,False,False,True,False,False,False,True
263,0.5,1.0,1.0,0.7373737373737375,True,False,False,False,False,False,True,False,False,False,False,False,False,False,False,False,True,False,False,False,True
264,0.42857142857142855,0.07142857142857142,0.07142857142857142,0.11111111111111112,False,True,True,False,False,False,False,False,False,False,False,False,False,False,False,False,True,False,False,False,True
265,0.0,0.2857142857142857,0.9285714285714285,0.42424242424242425,True,False,False,False,False,True,False,False,False,False,False,False,False,False,False,False,False,True,False,False,True
266,0.7857142857142857,0.7142857142857142,0.7857142857142857,0.8383838383838385,True,False,False,False,False,True,False,False,False,False,False,False,False,False,False,False,False,True,True,False,False
267,1.0,0.5714285714285714,0.14285714285714285,0.7070707070707072,False,True,False,False,False,True,False,False,False,False,False,False,False,False,False,False,True,False,False,False,True
268,0.21428571428571427,0.21428571428571427,0.9285714285714285,0.6666666666666667,False,True,False,False,False,True,False,False,False,False,False,False,False,False,False,False,True,False,False,False,True
269,1.0,0.2857142857142857,0.7857142857142857,0.595959595959596,False,True,False,False,False,True,False,False,False,False,False,False,False,False,False,False,True,False,False,False,True
270,0.21428571428571427,0.5,0.9285714285714285,0.12121212121212122,False,True,False,False,False,True,False,False,False,False,False,False,False,False,False,False,True,False,False,False,True
271,0.2857142857142857,0.7142857142857142,0.5,0.30303030303030304,True,False,False,False,False,True,False,False,False,False,False,False,False,False,False,False,False,True,True,False,False
272,0.9285714285714285,0.7142857142857142,0.7142857142857142,0.020202020202020204,True,False,False,False,False,True,False,False,False,False,False,False,False,False,False,False,False,True,False,False,True
273,0.9285714285714285,0.0,0.07142857142857142,0.05050505050505051,False,True,False,False,False,True,False,False,False,False,False,False,False,False,False,False,False,True,False,False,True
274,0.07142857142857142,0.07142857142857142,0.7142857142857142,0.7676767676767677,False,True,False,False,False,True,False,False,False,False,False,False,False,False,False,False,False,True,True,False,False
275,1.0,0.9285714285714285,1.0,0.7171717171717172,True,False,False,False,False,False,False,False,False,False,False,False,False,False,True,False,False,True,True,False,False
276,0.0,0.8571428571428571,0.21428571428571427,0.9393939393939394,True,False,False,False,False,False,False,False,False,False,False,False,False,False,True,False,False,True,True,False,False
277,0.0,0.6428571428571428,0.14285714285714285,0.9191919191919192,False,True,False,False,False,False,False,False,False,True,False,False,False,False,False,False,False,True,True,False,False
278,0.7142857142857142,0.0,0.7142857142857142,0.9090909090909092,False,True,False,False,False,False,False,False,False,True,False,False,False,False,False,False,False,True,True,False,False
279,0.21428571428571427,0.07142857142857142,0.14285714285714285,0.6363636363636365,False,True,False,False,False,False,False,False,False,True,False,False,False,False,False,False,False,True,False,False,True
280,0.5714285714285714,0.7857142857142857,0.8571428571428571,0.24242424242424243,False,True,False,False,False,False,False,False,False,True,False,False,False,False,False,False,False,True,False,False,True
281,0.7857142857142857,0.14285714285714285,0.07142857142857142,0.11111111111111112,False,True,False,False,True,False,False,False,False,False,False,False,False,False,False,False,False,True,True,False,False
282,0.7142857142857142,0.5714285714285714,0.42857142857142855,0.6767676767676768,False,True,False,False,True,False,False,False,False,False,False,False,False,False,False,False,False,True,True,False,False
283,0.14285714285714285,0.5,0.9285714285714285,0.43434343434343436,True,False,False,False,False,True,False,False,False,False,False,False,False,False,False,False,False,True,True,False,False
284,0.07142857142857142,0.07142857142857142,0.5714285714285714,0.696969696969697,True,False,False,False,False,True,False,False,False,False,False,False,False,False,False,False,False,True,True,False,False
285,1.0,0.9285714285714285,0.42857142857142855,0.07070707070707072,False,True,False,False,False,True,False,False,False,False,False,False,False,False,False,False,True,False,False,False,True
286,0.7142857142857142,0.9285714285714285,0.7142857142857142,0.4040404040404041,False,True,False,False,False,True,False,False,False,False,False,False,False,False,False,False,True,False,False,False,True
287,0.14285714285714285,0.5714285714285714,0.42857142857142855,0.5555555555555556,True,False,False,False,False,True,False,False,False,False,False,False,False,False,False,False,False,True,True,False,False
288,0.8571428571428571,0.5,0.5,0.8585858585858587,True,False,False,False,False,True,False,False,False,False,False,False,False,False,False,False,False,True,True,False,False
289,0.0,0.7142857142857142,0.7857142857142857,0.5757575757575758,False,True,False,False,False,False,False,False,False,True,False,False,False,False,False,False,False,True,False,False,True
290,0.3571428571428571,0.0,0.9285714285714285,0.9393939393939394,False,True,False,False,False,False,False,False,False,True,False,False,False,False,False,False,False,True,False,False,True
291,0.42857142857142855,0.7142857142857142,0.7857142857142857,0.36363636363636365,True,False,False,False,False,True,False,False,False,False,False,False,False,False,False,False,True,False,False,True,False
292,0.5714285714285714,0.5,0.7857142857142857,0.09090909090909091,True,False,False,False,False,True,False,False,False,False,False,False,False,False,False,False,True,False,False,True,False
293,0.5,0.8571428571428571,0.21428571428571427,0.9494949494949496,True,False,False,False,False,False,False,False,False,True,False,False,False,False,False,False,False,True,True,False,False
294,0.3571428571428571,0.7857142857142857,0.3571428571428571,0.42424242424242425,True,False,False,False,False,False,False,False,False,True,False,False,False,False,False,False,False,True,True,False,False
295,0.9285714285714285,0.14285714285714285,0.21428571428571427,0.0,False,True,False,False,True,False,False,False,False,False,False,False,False,False,False,False,True,False,False,False,True
296,0.5,0.7857142857142857,0.07142857142857142,0.4040404040404041,False,True,False,False,True,False,False,False,False,False,False,False,False,False,False,False,True,False,False,False,True
297,0.5714285714285714,0.9285714285714285,0.6428571428571428,0.9191919191919192,True,False,False,False,False,True,False,False,False,False,False,False,False,False,False,False,False,True,True,False,False
298,0.7142857142857142,0.0,0.14285714285714285,0.6565656565656566,True,False,False,False,False,True,False,False,False,False,False,False,False,False,False,False,False,True,True,False,False
299,0.5714285714285714,0.7857142857142857,0.7857142857142857,0.21212121212121213,False,True,False,False,False,True,False,False,False,False,False,False,False,False,False,False,True,False,False,False,True
300,0.07142857142857142,0.5714285714285714,0.8571428571428571,0.797979797979798,False,True,False,False,False,True,False,False,False,False,False,False,False,False,False,False,True,False,False,False,True
301,0.6428571428571428,0.7142857142857142,0.0,0.04040404040404041,False,True,False,False,False,True,False,False,False,False,False,False,False,False,False,False,True,False,False,True,False
302,0.21428571428571427,0.42857142857142855,0.0,0.06060606060606061,False,True,False,False,False,True,False,False,False,False,False,False,False,False,False,False,True,False,False,True,False
303,0.0,0.8571428571428571,0.7857142857142857,0.7272727272727273,True,False,False,False,False,True,False,False,False,False,False,False,False,False,False,False,False,True,False,False,True
304,0.14285714285714285,0.07142857142857142,0.8571428571428571,0.33333333333333337,True,False,False,False,False,True,False,False,False,False,False,False,False,False,False,False,False,True,False,False,True
305,0.2857142857142857,0.5,0.8571428571428571,0.4444444444444445,True,False,False,False,False,True,False,False,False,False,False,False,False,False,False,False,False,True,False,False,True
306,0.2857142857142857,1.0,0.2857142857142857,0.494949494949495,True,False,False,False,False,True,False,False,False,False,False,False,False,False,False,False,False,True,False,False,True
307,0.6428571428571428,0.07142857142857142,0.14285714285714285,0.696969696969697,False,True,False,False,False,True,False,False,False,False,False,False,False,False,False,False,False,True,True,False,False
308,0.7857142857142857,0.14285714285714285,0.2857142857142857,0.27272727272727276,False,True,False,False,False,True,False,False,False,False,False,False,False,False,False,False,False,True,True,False,False
309,0.14285714285714285,0.5714285714285714,1.0,0.797979797979798,False,True,False,False,False,False,False,False,False,True,False,False,False,False,False,False,True,False,False,False,True
310,0.7857142857142857,0.8571428571428571,0.0,0.787878787878788,False,True,False,False,False,False,False,False,False,True,False,False,False,False,False,False,True,False,False,False,True
311,0.21428571428571427,0.7142857142857142,0.0,0.20202020202020204,False,True,False,False,False,True,False,False,False,False,False,False,False,False,False,False,True,False,False,False,True
312,0.42857142857142855,0.07142857142857142,0.7142857142857142,0.787878787878788,False,True,False,False,False,True,False,False,False,False,False,False,False,False,False,False,True,False,False,False,True
313,0.7142857142857142,0.2857142857142857,0.0,0.030303030303030304,True,False,False,False,False,True,False,False,False,False,False,False,False,False,False,False,False,True,True,False,False
314,0.42857142857142855,0.5,0.42857142857142855,0.787878787878788,True,False,False,False,False,True,False,False,False,False,False,False,False,False,False,False,False,True,True,False,False
315,0.5,0.8571428571428571,0.7857142857142857,0.5555555555555556,True,False,False,False,False,True,False,False,False,False,False,False,False,False,False,False,False,True,True,False,False
316,0.7142857142857142,0.5,0.7142857142857142,0.5757575757575758,True,False,False,False,False,True,False,False,False,False,False,False,False,False,False,False,False,True,True,False,False
317,0.5714285714285714,0.2857142857142857,0.8571428571428571,0.9393939393939394,False,True,False,False,False,True,False,False,False,False,False,False,False,False,False,False,False,True,True,False,False
318,0.07142857142857142,0.07142857142857142,0.0,0.5050505050505051,False,True,False,False,False,True,False,False,False,False,False,False,False,False,False,False,False,True,True,False,False
319,0.6428571428571428,0.7142857142857142,0.9285714285714285,0.37373737373737376,True,False,False,False,False,True,False,False,False,False,False,False,False,False,False,False,False,True,True,False,False
320,0.7857142857142857,0.3571428571428571,0.14285714285714285,0.4141414141414142,True,False,False,False,False,True,False,False,False,False,False,False,False,False,False,False,False,True,True,False,False
321,0.2857142857142857,0.7857142857142857,0.14285714285714285,0.9090909090909092,True,False,False,False,False,True,False,False,False,False,False,False,False,False,False,False,True,False,False,False,True
322,0.0,0.5714285714285714,0.5714285714285714,0.393939393939394,True,False,False,False,False,True,False,False,False,False,False,False,False,False,False,False,True,False,False,False,True
323,0.0,0.3571428571428571,0.3571428571428571,0.38383838383838387,False,True,False,False,False,True,False,False,False,False,False,False,False,False,False,False,True,False,False,True,False
324,0.9285714285714285,0.3571428571428571,0.14285714285714285,0.5454545454545455,False,True,False,False,False,True,False,False,False,False,False,False,False,False,False,False,True,False,False,True,False
325,0.2857142857142857,0.5714285714285714,0.21428571428571427,0.21212121212121213,False,True,False,False,False,False,False,False,False,False,False,True,False,False,False,False,False,True,False,False,True
326,1.0,0.2857142857142857,0.2857142857142857,0.9494949494949496,False,True,False,False,False,False,False,False,False,False,False,True,False,False,False,False,False,True,False,False,True
327,0.0,0.9285714285714285,0.2857142857142857,0.09090909090909091,False,True,False,False,False,True,False,False,False,False,False,False,False,False,False,False,True,False,False,True,False
328,0.5714285714285714,0.0,0.6428571428571428,0.9696969696969697,False,True,False,False,False,True,False,False,False,False,False,False,False,False,False,False,True,False,False,True,False
329,0.7857142857142857,0.5,0.42857142857142855,0.8787878787878789,True,False,False,False,False,True,False,False,False,False,False,False,False,False,False,False,False,True,False,False,True
330,0.7857142857142857,0.6428571428571428,0.7142857142857142,0.393939393939394,True,False,False,False,False,True,False,False,False,False,False,False,False,False,False,False,False,True,False,False,True
331,0.8571428571428571,0.3571428571428571,0.14285714285714285,0.4747474747474748,False,True,False,False,False,True,False,False,False,False,False,False,False,False,False,False,True,False,False,True,False
332,0.9285714285714285,0.7142857142857142,0.42857142857142855,0.7777777777777778,False,True,False,False,False,True,False,False,False,False,False,False,False,False,False,False,True,False,False,True,False
333,0.2857142857142857,0.9285714285714285,0.3571428571428571,0.5353535353535354,True,False,False,False,False,True,False,False,False,False,False,False,False,False,False,False,False,True,False,False,True
334,0.6428571428571428,0.14285714285714285,0.7857142857142857,0.04040404040404041,True,False,False,False,False,True,False,False,False,False,False,False,False,False,False,False,False,True,False,False,True
335,0.3571428571428571,0.5714285714285714,0.21428571428571427,0.98989898989899,False,True,False,False,False,False,False,True,False,False,False,False,False,False,False,False,True,False,False,True,False
336,0.42857142857142855,0.3571428571428571,0.8571428571428571,0.8484848484848485,False,True,False,False,False,False,False,True,False,False,False,False,False,False,False,False,True,False,False,True,False
337,0.2857142857142857,0.3571428571428571,0.5,0.37373737373737376,True,False,False,False,False,False,False,False,False,True,False,False,False,False,False,False,False,True,False,False,True
338,0.2857142857142857,0.0,0.7857142857142857,0.797979797979798,True,False,False,False,False,False,False,False,False,True,False,False,False,False,False,False,False,True,False,False,True
339,0.5,0.9285714285714285,0.3571428571428571,0.7575757575757577,True,False,False,False,False,False,False,False,False,True,False,False,False,False,False,False,False,True,False,False,True
340,0.07142857142857142,0.2857142857142857,0.7857142857142857,0.48484848484848486,True,False,False,False,False,False,False,False,False,True,False,False,False,False,False,False,False,True,False,False,True
341,0.7857142857142857,0.5714285714285714,0.0,0.6161616161616162,True,False,False,False,True,False,False,False,False,False,False,False,False,False,False,False,False,True,False,False,True
342,0.2857142857142857,0.6428571428571428,0.42857142857142855,0.7474747474747475,True,False,False,False,True,False,False,False,False,False,False,False,False,False,False,False,False,True,False,False,True
343,0.7142857142857142,0.7857142857142857,0.3571428571428571,0.8787878787878789,False,True,False,False,False,True,False,False,False,False,False,False,False,False,False,False,False,True,False,False,True
344,0.3571428571428571,0.2857142857142857,0.8571428571428571,0.6666666666666667,False,True,False,False,False,True,False,False,False,False,False,False,False,False,False,False,False,True,False,False,True
345,0.5,0.6428571428571428,0.2857142857142857,0.5555555555555556,True,False,False,False,False,True,False,False,False,False,False,False,False,False,False,False,False,True,True,False,False
346,0.5,0.5,0.14285714285714285,0.18181818181818182,True,False,False,False,False,True,False,False,False,False,False,False,False,False,False,False,False,True,True,False,False
347,0.0,0.42857142857142855,0.42857142857142855,0.14141414141414144,True,False,False,False,False,True,False,False,False,False,False,False,False,False,False,False,False,True,True,False,False
348,0.2857142857142857,0.8571428571428571,0.42857142857142855,0.4646464646464647,True,False,False,False,False,True,False,False,False,False,False,False,False,False,False,False,False,True,True,False,False
349,0.42857142857142855,0.0,0.14285714285714285,0.686868686868687,False,True,False,False,False,False,False,True,False,False,False,False,False,False,False,False,True,False,False,True,False
350,0.7142857142857142,0.5714285714285714,0.21428571428571427,0.797979797979798,False,True,False,False,False,False,False,True,False,False,False,False,False,False,False,False,True,False,False,True,False
351,0.8571428571428571,0.2857142857142857,0.7857142857142857,0.686868686868687,False,True,True,False,False,False,False,False,False,False,False,False,False,False,False,False,True,False,False,True,False
352,0.5714285714285714,0.7857142857142857,0.2857142857142857,0.6464646464646465,False,True,True,False,False,False,False,False,False,False,False,False,False,False,False,False,True,False,False,True,False
353,0.14285714285714285,0.2857142857142857,0.9285714285714285,0.7272727272727273,True,False,False,False,False,True,False,False,False,False,False,False,False,False,False,False,False,True,False,False,True
354,0.7857142857142857,0.7857142857142857,0.7142857142857142,0.9393939393939394,True,False,False,False,False,True,False,False,False,False,False,False,False,False,False,False,False,True,False,False,True
355,0.14285714285714285,0.5714285714285714,1.0,0.6161616161616162,False,True,False,False,False,True,False,False,False,False,False,False,False,False,False,False,False,True,True,False,False
356,0.0,0.6428571428571428,0.5714285714285714,0.6767676767676768,False,True,False,False,False,True,False,False,False,False,False,False,False,False,False,False,False,True,True,False,False
357,0.3571428571428571,0.5,0.6428571428571428,0.9292929292929294,False,True,False,False,False,True,False,False,False,False,False,False,False,False,False,False,False,True,False,False,True
358,0.8571428571428571,0.42857142857142855,0.8571428571428571,0.5656565656565657,False,True,False,False,False,True,False,False,False,False,False,False,False,False,False,False,False,True,False,False,True
359,0.0,0.7857142857142857,0.8571428571428571,0.48484848484848486,True,False,False,False,False,False,False,False,False,False,False,False,False,False,True,False,False,True,True,False,False
360,0.9285714285714285,0.42857142857142855,0.3571428571428571,0.32323232323232326,True,False,False,False,False,False,False,False,False,False,False,False,False,False,True,False,False,True,True,False,False
361,0.8571428571428571,0.7142857142857142,0.42857142857142855,0.30303030303030304,False,True,False,False,False,True,False,False,False,False,False,False,False,False,False,False,True,False,False,False,True
362,0.8571428571428571,0.5,0.5,0.595959595959596,False,True,False,False,False,True,False,False,False,False,False,False,False,False,False,False,True,False,False,False,True
363,0.5,0.7857142857142857,0.2857142857142857,0.8080808080808082,False,True,False,False,False,False,False,False,False,True,False,False,False,False,False,False,False,True,True,False,False
364,0.5,0.5714285714285714,0.9285714285714285,0.6666666666666667,False,True,False,False,False,False,False,False,False,True,False,False,False,False,False,False,False,True,True,False,False
365,0.42857142857142855,0.5714285714285714,0.7857142857142857,0.5757575757575758,False,True,False,False,True,False,False,False,False,False,False,False,False,False,False,False,False,True,True,False,False
366,0.8571428571428571,0.6428571428571428,0.3571428571428571,0.23232323232323235,False,True,False,False,True,False,False,False,False,False,False,False,False,False,False,False,False,True,True,False,False
367,0.9285714285714285,0.7857142857142857,0.14285714285714285,0.23232323232323235,False,True,False,False,False,True,False,False,False,False,False,False,False,False,False,False,True,False,False,False,True
368,0.9285714285714285,0.2857142857142857,0.5,0.393939393939394,False,True,False,False,False,True,False,False,False,False,False,False,False,False,False,False,True,False,False,False,True
369,0.14285714285714285,0.07142857142857142,0.3571428571428571,0.12121212121212122,True,False,False,False,False,False,False,False,False,True,False,False,False,False,False,False,False,True,True,False,False
370,0.7857142857142857,0.14285714285714285,0.5714285714285714,0.787878787878788,True,False,False,False,False,False,False,False,False,True,False,False,False,False,False,False,False,True,True,False,False
371,1.0,1.0,0.5,0.21212121212121213,False,True,False,False,False,True,False,False,False,False,False,False,False,False,False,False,False,True,False,False,True
372,1.0,0.5714285714285714,0.5,0.6060606060606061,False,True,False,False,False,True,False,False,False,False,False,False,False,False,False,False,False,True,False,False,True
373,0.9285714285714285,1.0,0.9285714285714285,0.06060606060606061,True,False,False,False,False,True,False,False,False,False,False,False,False,False,False,False,True,False,False,True,False
374,0.7857142857142857,0.21428571428571427,0.9285714285714285,0.6565656565656566,True,False,False,False,False,True,False,False,False,False,False,False,False,False,False,False,True,False,False,True,False
375,0.42857142857142855,0.2857142857142857,1.0,0.4747474747474748,False,True,False,False,False,True,False,False,False,False,False,False,False,False,False,False,True,False,False,True,False
376,0.07142857142857142,0.5,0.9285714285714285,0.4040404040404041,False,True,False,False,False,True,False,False,False,False,False,False,False,False,False,False,True,False,False,True,False
377,0.07142857142857142,0.42857142857142855,0.14285714285714285,0.4141414141414142,False,True,False,False,False,True,False,False,False,False,False,False,False,False,False,False,True,False,False,False,True
378,0.07142857142857142,1.0,0.07142857142857142,0.15151515151515152,False,True,False,False,False,True,False,False,False,False,False,False,False,False,False,False,True,False,False,False,True
379,0.2857142857142857,0.5714285714285714,0.21428571428571427,0.31313131313131315,False,True,False,False,False,True,False,False,False,False,False,False,False,False,False,False,True,False,False,True,False
380,0.07142857142857142,0.5,0.7857142857142857,0.6060606060606061,False,True,False,False,False,True,False,False,False,False,False,False,False,False,False,False,True,False,False,True,False
381,0.14285714285714285,0.14285714285714285,0.14285714285714285,0.32323232323232326,True,False,False,False,False,True,False,False,False,False,False,False,False,False,False,False,True,False,False,True,False
382,0.7142857142857142,0.07142857142857142,0.14285714285714285,0.37373737373737376,True,False,False,False,False,True,False,False,False,False,False,False,False,False,False,False,True,False,False,True,False
383,0.5,0.2857142857142857,0.42857142857142855,0.9292929292929294,False,True,False,False,True,False,False,False,False,False,False,False,False,False,False,False,False,True,True,False,False
384,0.07142857142857142,0.3571428571428571,1.0,0.25252525252525254,False,True,False,False,True,False,False,False,False,False,False,False,False,False,False,False,False,True,True,False,False
385,0.21428571428571427,0.9285714285714285,0.07142857142857142,0.98989898989899,True,False,False,False,True,False,False,False,False,False,False,False,False,False,False,False,False,True,True,False,False
386,0.2857142857142857,0.07142857142857142,0.5,0.9797979797979799,True,False,False,False,True,False,False,False,False,False,False,False,False,False,False,False,False,True,True,False,False
387,1.0,0.6428571428571428,0.9285714285714285,0.13131313131313133,False,True,False,False,False,True,False,False,False,False,False,False,False,False,False,False,False,True,False,False,True
388,0.8571428571428571,0.0,0.5,0.22222222222222224,False,True,False,False,False,True,False,False,False,False,False,False,False,False,False,False,False,True,False,False,True
389,0.2857142857142857,0.3571428571428571,0.7142857142857142,0.6060606060606061,False,True,False,False,False,True,False,False,False,False,False,False,False,False,False,False,True,False,False,True,False
390,0.14285714285714285,0.14285714285714285,1.0,0.26262626262626265,False,True,False,False,False,True,False,False,False,False,False,False,False,False,False,False,True,False,False,True,False
391,0.0,0.21428571428571427,0.14285714285714285,0.8282828282828284,True,False,False,False,False,True,False,False,False,False,False,False,False,False,False,False,True,False,False,False,True
392,0.9285714285714285,0.7142857142857142,0.7857142857142857,0.7272727272727273,True,False,False,False,False,True,False,False,False,False,False,False,False,False,False,False,True,False,False,False,True
393,0.42857142857142855,0.07142857142857142,0.8571428571428571,0.5757575757575758,True,False,False,False,True,False,False,False,False,False,False,False,False,False,False,False,False,True,True,False,False
394,0.14285714285714285,0.5,0.0,0.5353535353535354,True,False,False,False,True,False,False,False,False,False,False,False,False,False,False,False,False,True,True,False,False
395,0.0,1.0,0.14285714285714285,0.08080808080808081,False,True,False,False,False,True,False,False,False,False,False,False,False,False,False,False,False,True,True,False,False
396,0.5,0.7142857142857142,1.0,0.12121212121212122,False,True,False,False,False,True,False,False,False,False,False,False,False,False,False,False,False,True,True,False,False
397,0.14285714285714285,0.0,0.9285714285714285,0.7070707070707072,False,True,False,False,False,True,False,False,False,False,False,False,False,False,False,False,False,True,False,False,True
398,0.7857142857142857,0.07142857142857142,0.5714285714285714,0.010101010101010102,False,True,False,False,False,True,False,False,False,False,False,False,False,False,False,False,False,True,False,False,True
399,0.9285714285714285,0.42857142857142855,0.14285714285714285,0.9191919191919192,False,True,False,False,False,False,False,False,False,True,False,False,False,False,False,False,False,True,True,False,False
400,0.0,0.5,0.0,0.595959595959596,False,True,False,False,False,False,False,False,False,True,False,False,False,False,False,False,False,True,True,False,False
401,0.2857142857142857,0.42857142857142855,0.07142857142857142,0.696969696969697,False,True,False,False,False,True,False,False,False,False,False,False,False,False,False,False,True,False,False,False,True
402,0.07142857142857142,0.14285714285714285,0.07142857142857142,0.32323232323232326,False,True,False,False,False,True,False,False,False,False,False,False,False,False,False,False,True,False,False,False,True
403,0.3571428571428571,0.42857142857142855,0.9285714285714285,0.20202020202020204,False,True,False,False,False,True,False,False,False,False,False,False,False,False,False,False,False,True,True,False,False
404,0.0,0.9285714285714285,0.21428571428571427,0.19191919191919193,False,True,False,False,False,True,False,False,False,False,False,False,False,False,False,False,False,True,True,False,False
405,0.07142857142857142,0.0,0.2857142857142857,0.9191919191919192,True,False,False,False,False,False,False,False,False,False,False,True,False,False,False,False,False,True,True,False,False
406,0.2857142857142857,0.7142857142857142,0.14285714285714285,0.7474747474747475,True,False,False,False,False,False,False,False,False,False,False,True,False,False,False,False,False,True,True,False,False
407,0.07142857142857142,0.8571428571428571,0.42857142857142855,0.6767676767676768,False,True,False,False,False,True,False,False,False,False,False,False,False,False,False,False,True,False,False,True,False
408,0.6428571428571428,1.0,0.9285714285714285,1.0,False,True,False,False,False,True,False,False,False,False,False,False,False,False,False,False,True,False,False,True,False
409,0.6428571428571428,0.7857142857142857,0.14285714285714285,0.17171717171717174,False,True,False,False,False,True,False,False,False,False,False,False,False,False,False,False,False,True,False,False,True
410,1.0,0.8571428571428571,0.2857142857142857,0.8282828282828284,False,True,False,False,False,True,False,False,False,False,False,False,False,False,False,False,False,True,False,False,True
411,0.07142857142857142,0.21428571428571427,0.9285714285714285,0.33333333333333337,True,False,False,False,False,True,False,False,False,False,False,False,False,False,False,False,False,True,True,False,False
412,0.8571428571428571,0.6428571428571428,0.0,0.5353535353535354,True,False,False,False,False,True,False,False,False,False,False,False,False,False,False,False,False,True,True,False,False
413,0.7857142857142857,0.6428571428571428,0.2857142857142857,0.8080808080808082,False,True,False,False,False,False,False,False,False,True,False,False,False,False,False,False,False,True,False,False,True
414,0.3571428571428571,0.7142857142857142,0.42857142857142855,0.595959595959596,False,True,False,False,False,False,False,False,False,True,False,False,False,False,False,False,False,True,False,False,True
415,1.0,0.21428571428571427,0.3571428571428571,0.4747474747474748,True,False,False,False,False,False,False,True,False,False,False,False,False,False,False,False,True,False,False,True,False
416,0.21428571428571427,1.0,0.42857142857142855,0.4646464646464647,True,False,False,False,False,False,False,True,False,False,False,False,False,False,False,False,True,False,False,True,False
417,1.0,0.21428571428571427,0.7857142857142857,0.9090909090909092,False,True,False,False,True,False,False,False,False,False,False,False,False,False,False,False,False,True,True,False,False
418,0.14285714285714285,1.0,0.7142857142857142,0.8989898989898991,False,True,False,False,True,False,False,False,False,False,False,False,False,False,False,False,False,True,True,False,False
419,0.5714285714285714,0.5,0.2857142857142857,0.23232323232323235,False,True,False,False,False,False,False,False,False,True,False,False,False,False,False,False,False,True,True,False,False
420,0.5714285714285714,0.2857142857142857,0.07142857142857142,0.797979797979798,False,True,False,False,False,False,False,False,False,True,False,False,False,False,False,False,False,True,True,False,False
421,0.0,0.5714285714285714,0.3571428571428571,0.48484848484848486,True,False,False,False,False,True,False,False,False,False,False,False,False,False,False,False,False,True,True,False,False
422,0.5714285714285714,0.7142857142857142,0.5,0.9191919191919192,True,False,False,False,False,True,False,False,False,False,False,False,False,False,False,False,False,True,True,False,False
423,0.3571428571428571,0.2857142857142857,0.9285714285714285,0.30303030303030304,True,False,False,False,False,True,False,False,False,False,False,False,False,False,False,False,True,False,False,False,True
424,0.3571428571428571,0.5714285714285714,0.7142857142857142,0.22222222222222224,True,False,False,False,False,True,False,False,False,False,False,False,False,False,False,False,True,False,False,False,True
425,0.8571428571428571,0.21428571428571427,0.0,0.18181818181818182,True,False,False,False,False,True,False,False,False,False,False,False,False,False,False,False,False,True,True,False,False
426,0.8571428571428571,0.2857142857142857,0.14285714285714285,0.9797979797979799,True,False,False,False,False,True,False,False,False,False,False,False,False,False,False,False,False,True,True,False,False
427,0.7142857142857142,0.42857142857142855,1.0,0.7474747474747475,False,True,False,False,False,True,False,False,False,False,False,False,False,False,False,False,True,False,False,False,True
428,0.5,0.5714285714285714,0.5714285714285714,0.21212121212121213,False,True,False,False,False,True,False,False,False,False,False,False,False,False,False,False,True,False,False,False,True
429,0.9285714285714285,0.7857142857142857,0.14285714285714285,0.38383838383838387,False,True,False,False,False,True,False,False,False,False,False,False,False,False,False,False,True,False,False,True,False
430,0.7857142857142857,0.9285714285714285,0.2857142857142857,0.7575757575757577,False,True,False,False,False,True,False,False,False,False,False,False,False,False,False,False,True,False,False,True,False
431,0.0,0.9285714285714285,0.2857142857142857,0.10101010101010102,False,True,False,False,False,True,False,False,False,False,False,False,False,False,False,False,False,True,True,False,False
432,0.2857142857142857,0.42857142857142855,0.7142857142857142,0.43434343434343436,False,True,False,False,False,True,False,False,False,False,False,False,False,False,False,False,False,True,True,False,False
433,0.07142857142857142,0.5714285714285714,0.5714285714285714,0.18181818181818182,False,True,False,False,False,True,False,False,False,False,False,False,False,False,False,False,False,True,False,False,True
434,0.42857142857142855,0.0,0.5714285714285714,0.6767676767676768,False,True,False,False,False,True,False,False,False,False,False,False,False,False,False,False,False,True,False,False,True
435,0.7857142857142857,0.07142857142857142,0.42857142857142855,0.7676767676767677,False,True,False,False,False,True,False,False,False,False,False,False,False,False,False,False,True,False,False,False,True
436,1.0,0.42857142857142855,0.14285714285714285,0.8989898989898991,False,True,False,False,False,True,False,False,False,False,False,False,False,False,False,False,True,False,False,False,True
437,0.14285714285714285,0.5714285714285714,0.14285714285714285,0.2828282828282829,False,True,False,False,False,True,False,False,False,False,False,False,False,False,False,False,False,True,False,False,True
438,0.5,0.3571428571428571,0.6428571428571428,0.8989898989898991,False,True,False,False,False,True,False,False,False,False,False,False,False,False,False,False,False,True,False,False,True
439,0.3571428571428571,0.6428571428571428,0.2857142857142857,0.06060606060606061,False,True,False,False,False,True,False,False,False,False,False,False,False,False,False,False,False,True,False,False,True
440,0.5714285714285714,0.7142857142857142,0.8571428571428571,0.06060606060606061,False,True,False,False,False,True,False,False,False,False,False,False,False,False,False,False,False,True,False,False,True
441,0.0,0.8571428571428571,0.3571428571428571,0.26262626262626265,False,True,False,False,False,True,False,False,False,False,False,False,False,False,False,False,False,True,False,False,True
442,0.42857142857142855,0.8571428571428571,0.6428571428571428,0.10101010101010102,False,True,False,False,False,True,False,False,False,False,False,False,False,False,False,False,False,True,False,False,True
443,0.0,0.14285714285714285,0.5,0.7575757575757577,False,True,False,False,False,True,False,False,False,False,False,False,False,False,False,False,True,False,False,False,True
444,0.42857142857142855,0.3571428571428571,0.0,0.6060606060606061,False,True,False,False,False,True,False,False,False,False,False,False,False,False,False,False,True,False,False,False,True
445,0.8571428571428571,0.07142857142857142,0.5714285714285714,0.393939393939394,False,True,False,False,False,True,False,False,False,False,False,False,False,False,False,False,True,False,False,True,False
446,0.6428571428571428,0.42857142857142855,0.7857142857142857,0.3535353535353536,False,True,False,False,False,True,False,False,False,False,False,False,False,False,False,False,True,False,False,True,False
447,0.5714285714285714,0.07142857142857142,0.07142857142857142,0.16161616161616163,False,True,False,False,False,True,False,False,False,False,False,False,False,False,False,False,False,True,False,False,True
448,0.21428571428571427,0.9285714285714285,0.14285714285714285,0.14141414141414144,False,True,False,False,False,True,False,False,False,False,False,False,False,False,False,False,False,True,False,False,True
449,0.2857142857142857,0.07142857142857142,0.8571428571428571,0.13131313131313133,False,True,False,False,False,True,False,False,False,False,False,False,False,False,False,False,False,True,True,False,False
450,0.21428571428571427,0.14285714285714285,0.6428571428571428,0.31313131313131315,False,True,False,False,False,True,False,False,False,False,False,False,False,False,False,False,False,True,True,False,False
451,0.7142857142857142,0.7857142857142857,1.0,0.393939393939394,True,False,False,False,False,True,False,False,False,False,False,False,False,False,False,False,False,True,True,False,False
452,0.6428571428571428,0.7857142857142857,0.9285714285714285,0.8383838383838385,True,False,False,False,False,True,False,False,False,False,False,False,False,False,False,False,False,True,True,False,False
453,0.14285714285714285,0.7857142857142857,0.21428571428571427,0.8282828282828284,True,False,False,False,False,True,False,False,False,False,False,False,False,False,False,False,True,False,False,False,True
454,1.0,0.21428571428571427,1.0,0.8383838383838385,True,False,False,False,False,True,False,False,False,False,False,False,False,False,False,False,True,False,False,False,True
455,1.0,0.9285714285714285,1.0,0.4141414141414142,True,False,False,False,False,True,False,False,False,False,False,False,False,False,False,False,False,True,False,False,True
456,0.5,0.7857142857142857,0.5714285714285714,0.7272727272727273,True,False,False,False,False,True,False,False,False,False,False,False,False,False,False,False,False,True,False,False,True
457,0.0,0.6428571428571428,0.07142857142857142,0.09090909090909091,True,False,False,False,False,True,False,False,False,False,False,False,False,False,False,False,False,True,True,False,False
458,0.42857142857142855,0.42857142857142855,0.0,0.09090909090909091,True,False,False,False,False,True,False,False,False,False,False,False,False,False,False,False,False,True,True,False,False
459,0.0,0.07142857142857142,0.5714285714285714,0.5050505050505051,False,True,False,False,True,False,False,False,False,False,False,False,False,False,False,False,False,True,True,False,False
460,0.7857142857142857,0.14285714285714285,0.2857142857142857,0.4747474747474748,False,True,False,False,True,False,False,False,False,False,False,False,False,False,False,False,False,True,True,False,False
461,0.5714285714285714,0.21428571428571427,0.07142857142857142,0.48484848484848486,False,True,False,False,True,False,False,False,False,False,False,False,False,False,False,False,True,False,False,False,True
462,0.7857142857142857,0.0,0.21428571428571427,0.42424242424242425,False,True,False,False,True,False,False,False,False,False,False,False,False,False,False,False,True,False,False,False,True
463,0.21428571428571427,0.7857142857142857,0.5714285714285714,0.9393939393939394,False,True,False,False,True,False,False,False,False,False,False,False,False,False,False,False,True,False,False,False,True
464,0.5714285714285714,0.8571428571428571,0.7857142857142857,0.25252525252525254,False,True,False,False,True,False,False,False,False,False,False,False,False,False,False,False,True,False,False,False,True
465,0.07142857142857142,0.07142857142857142,0.2857142857142857,0.6767676767676768,True,False,False,False,False,True,False,False,False,False,False,False,False,False,False,False,False,True,True,False,False
466,0.2857142857142857,0.21428571428571427,0.3571428571428571,0.6565656565656566,True,False,False,False,False,True,False,False,False,False,False,False,False,False,False,False,False,True,True,False,False
467,0.0,0.3571428571428571,0.7142857142857142,0.5353535353535354,True,False,False,False,False,True,False,False,False,False,False,False,False,False,False,False,False,True,True,False,False
468,0.2857142857142857,0.2857142857142857,0.0,0.9292929292929294,True,False,False,False,False,True,False,False,False,False,False,False,False,False,False,False,False,True,True,False,False
469,0.3571428571428571,1.0,0.5714285714285714,0.20202020202020204,True,False,False,False,False,True,False,False,False,False,False,False,False,False,False,False,True,False,False,True,False
470,0.7142857142857142,0.7142857142857142,0.7857142857142857,0.4141414141414142,True,False,False,False,False,True,False,False,False,False,False,False,False,False,False,False,True,False,False,True,False
471,0.42857142857142855,0.5714285714285714,0.9285714285714285,0.5252525252525253,False,True,False,False,False,False,False,False,False,True,False,False,False,False,False,False,False,True,False,False,True
472,0.07142857142857142,0.14285714285714285,0.6428571428571428,0.5757575757575758,False,True,False,False,False,False,False,False,False,True,False,False,False,False,False,False,False,True,False,False,True
473,0.9285714285714285,0.5714285714285714,0.8571428571428571,0.9696969696969697,False,True,False,False,False,False,False,False,False,True,False,False,False,False,False,False,False,True,False,False,True
474,0.42857142857142855,0.7857142857142857,0.0,0.7272727272727273,False,True,False,False,False,False,False,False,False,True,False,False,False,False,False,False,False,True,False,False,True
475,0.7857142857142857,0.6428571428571428,0.2857142857142857,0.6363636363636365,True,False,False,False,False,True,False,False,False,False,False,False,False,False,False,False,True,False,False,True,False
476,0.7142857142857142,0.5,0.2857142857142857,0.36363636363636365,True,False,False,False,False,True,False,False,False,False,False,False,False,False,False,False,True,False,False,True,False
477,0.07142857142857142,0.7857142857142857,0.5,0.9494949494949496,True,False,False,False,False,True,False,False,False,False,False,False,False,False,False,False,False,True,False,False,True
478,0.6428571428571428,0.5714285714285714,0.6428571428571428,0.31313131313131315,True,False,False,False,False,True,False,False,False,False,False,False,False,False,False,False,False,True,False,False,True
479,0.6428571428571428,0.5,0.5,0.8080808080808082,True,False,False,False,False,True,False,False,False,False,False,False,False,False,False,False,True,False,False,True,False
481,0.9285714285714285,0.14285714285714285,0.7857142857142857,0.24242424242424243,True,False,False,False,False,True,False,False,False,False,False,False,False,False,False,False,True,False,False,True,False
